observation_date,TOTBKCR
1973-01-03,567.2553
1973-01-10,565.5054
1973-01-17,565.3477
1973-01-24,565.1737
1973-01-31,569.7089
1973-02-07,571.2254
1973-02-14,573.5717
1973-02-21,574.7042
1973-02-28,577.5180
1973-03-07,581.5757
1973-03-14,582.7181
1973-03-21,584.2137
1973-03-28,586.1701
1973-04-04,587.5392
1973-04-11,589.1442
1973-04-18,589.1377
1973-04-25,591.1341
1973-05-02,593.4399
1973-05-09,594.5321
1973-05-16,594.4818
1973-05-23,595.4865
1973-05-30,598.9630
1973-06-06,601.5000
1973-06-13,602.8771
1973-06-20,603.5501
1973-06-27,605.4626
1973-07-04,606.8473
1973-07-11,609.9411
1973-07-18,608.9051
1973-07-25,610.7133
1973-08-01,613.3477
1973-08-08,614.9775
1973-08-15,618.6221
1973-08-22,615.5519
1973-08-29,616.2351
1973-09-05,620.4894
1973-09-12,621.1427
1973-09-19,620.4723
1973-09-26,622.0711
1973-10-03,623.3404
1973-10-10,626.2011
1973-10-17,623.7863
1973-10-24,625.8254
1973-10-31,627.4142
1973-11-07,632.1742
1973-11-14,629.6947
1973-11-21,631.2720
1973-11-28,631.6332
1973-12-05,636.3865
1973-12-12,638.7466
1973-12-19,640.0990
1973-12-26,645.2428
1974-01-02,644.9049
1974-01-09,643.2164
1974-01-16,644.2714
1974-01-23,645.1132
1974-01-30,645.0434
1974-02-06,647.3202
1974-02-13,646.7248
1974-02-20,648.1402
1974-02-27,649.7123
1974-03-06,654.7801
1974-03-13,655.7101
1974-03-20,657.4908
1974-03-27,660.8952
1974-04-03,666.7548
1974-04-10,668.9034
1974-04-17,671.3413
1974-04-24,670.7133
1974-05-01,674.2538
1974-05-08,673.7612
1974-05-15,675.6747
1974-05-22,674.9901
1974-05-29,676.3028
1974-06-05,679.3084
1974-06-12,681.1222
1974-06-19,682.6979
1974-06-26,683.8853
1974-07-03,686.0780
1974-07-10,686.1277
1974-07-17,686.2906
1974-07-24,686.3538
1974-07-31,690.3408
1974-08-07,691.0397
1974-08-14,690.9209
1974-08-21,690.7183
1974-08-28,692.2409
1974-09-04,692.9515
1974-09-11,695.0395
1974-09-18,694.1520
1974-09-25,691.9667
1974-10-02,692.5638
1974-10-09,693.7354
1974-10-16,693.9170
1974-10-23,693.2164
1974-10-30,693.5605
1974-11-06,694.5990
1974-11-13,696.7992
1974-11-20,696.5027
1974-11-27,696.6358
1974-12-04,700.3472
1974-12-11,701.4140
1974-12-18,703.4548
1974-12-25,704.0068
1975-01-01,707.1556
1975-01-08,703.5225
1975-01-15,701.7357
1975-01-22,698.1405
1975-01-29,696.8606
1975-02-05,697.2000
1975-02-12,693.9701
1975-02-19,697.3089
1975-02-26,696.0499
1975-03-05,700.4742
1975-03-12,700.9701
1975-03-19,700.7331
1975-03-26,699.6054
1975-04-02,700.4310
1975-04-09,703.3214
1975-04-16,705.2144
1975-04-23,702.9919
1975-04-30,704.9045
1975-05-07,705.2927
1975-05-14,704.2365
1975-05-21,704.6976
1975-05-28,705.0104
1975-06-04,706.0105
1975-06-11,709.2187
1975-06-18,710.1087
1975-06-25,708.7019
1975-07-02,709.4179
1975-07-09,710.0552
1975-07-16,708.9294
1975-07-23,709.0077
1975-07-30,709.6130
1975-08-06,711.0877
1975-08-13,711.4680
1975-08-20,712.7599
1975-08-27,712.0430
1975-09-03,714.9710
1975-09-10,716.8982
1975-09-17,717.3362
1975-09-24,717.0995
1975-10-01,720.3392
1975-10-08,720.4281
1975-10-15,720.0774
1975-10-22,720.0509
1975-10-29,719.4138
1975-11-05,720.9696
1975-11-12,721.0585
1975-11-19,721.2255
1975-11-26,726.6598
1975-12-03,726.9881
1975-12-10,730.2733
1975-12-17,733.5308
1975-12-24,734.3924
1975-12-31,738.2839
1976-01-07,730.5494
1976-01-14,730.6658
1976-01-21,729.2212
1976-01-28,729.9663
1976-02-04,731.0805
1976-02-11,730.4560
1976-02-18,733.2271
1976-02-25,731.9200
1976-03-03,734.0081
1976-03-10,737.6557
1976-03-17,738.9317
1976-03-24,739.5316
1976-03-31,740.1142
1976-04-07,741.5661
1976-04-14,743.5574
1976-04-21,745.7793
1976-04-28,744.6244
1976-05-05,744.3747
1976-05-12,745.0820
1976-05-19,748.3544
1976-05-26,748.2618
1976-06-02,752.1742
1976-06-09,752.7434
1976-06-16,753.8960
1976-06-23,752.8462
1976-06-30,757.8391
1976-07-07,752.8198
1976-07-14,754.5687
1976-07-21,755.0462
1976-07-28,754.2612
1976-08-04,755.6550
1976-08-11,758.2642
1976-08-18,760.4610
1976-08-25,760.4326
1976-09-01,761.9580
1976-09-08,760.1676
1976-09-15,764.3446
1976-09-22,765.9532
1976-09-29,767.2831
1976-10-06,770.2730
1976-10-13,769.9942
1976-10-20,772.8405
1976-10-27,773.9386
1976-11-03,775.4842
1976-11-10,775.3244
1976-11-17,781.3701
1976-11-24,782.1475
1976-12-01,785.6417
1976-12-08,788.7363
1976-12-15,793.2252
1976-12-22,794.4618
1976-12-29,796.7592
1977-01-05,793.3387
1977-01-12,794.1697
1977-01-19,794.1092
1977-01-26,792.0722
1977-02-02,793.2889
1977-02-09,795.0884
1977-02-16,798.8105
1977-02-23,798.8051
1977-03-02,802.6789
1977-03-09,805.3608
1977-03-16,808.9079
1977-03-23,808.3654
1977-03-30,808.9481
1977-04-06,813.1719
1977-04-13,813.5698
1977-04-20,818.4968
1977-04-27,817.8338
1977-05-04,819.8767
1977-05-11,821.7338
1977-05-18,823.1978
1977-05-25,824.1922
1977-06-01,826.3744
1977-06-08,828.0510
1977-06-15,832.5348
1977-06-22,830.8130
1977-06-29,832.7858
1977-07-06,831.7431
1977-07-13,834.0490
1977-07-20,836.8743
1977-07-27,836.7833
1977-08-03,839.0736
1977-08-10,841.4877
1977-08-17,843.1310
1977-08-24,843.1551
1977-08-31,846.0543
1977-09-07,849.5581
1977-09-14,850.0069
1977-09-21,852.0581
1977-09-28,852.7453
1977-10-05,852.9159
1977-10-12,855.1299
1977-10-19,858.9331
1977-10-26,860.0430
1977-11-02,861.6313
1977-11-09,863.6474
1977-11-16,865.8598
1977-11-23,866.5754
1977-11-30,868.9970
1977-12-07,873.3249
1977-12-14,875.2132
1977-12-21,880.2024
1977-12-28,881.8564
1978-01-04,881.2524
1978-01-11,882.2660
1978-01-18,879.8093
1978-01-25,881.9196
1978-02-01,884.2041
1978-02-08,886.8839
1978-02-15,887.6060
1978-02-22,888.4432
1978-03-01,893.3942
1978-03-08,897.5950
1978-03-15,901.5510
1978-03-22,900.8647
1978-03-29,903.1088
1978-04-05,907.9003
1978-04-12,910.7129
1978-04-19,914.4345
1978-04-26,914.9229
1978-05-03,916.1701
1978-05-10,918.3617
1978-05-17,918.8320
1978-05-24,921.1077
1978-05-31,927.5734
1978-06-07,930.7082
1978-06-14,932.0811
1978-06-21,934.9719
1978-06-28,937.5672
1978-07-05,938.9497
1978-07-12,940.1370
1978-07-19,941.2960
1978-07-26,944.4363
1978-08-02,944.7820
1978-08-09,944.8280
1978-08-16,948.0567
1978-08-23,949.6705
1978-08-30,951.9846
1978-09-06,956.5278
1978-09-13,958.0850
1978-09-20,963.2119
1978-09-27,965.6437
1978-10-04,966.2436
1978-10-11,970.0522
1978-10-18,970.6963
1978-10-25,973.8759
1978-11-01,979.0093
1978-11-08,978.6100
1978-11-15,983.6120
1978-11-22,985.9617
1978-11-29,987.7472
1978-12-06,989.4360
1978-12-13,993.0338
1978-12-20,997.9168
1978-12-27,1001.0723
1979-01-03,994.0090
1979-01-10,997.9384
1979-01-17,998.1658
1979-01-24,1003.2533
1979-01-31,1003.0688
1979-02-07,1004.4531
1979-02-14,1006.4324
1979-02-21,1009.5230
1979-02-28,1011.2248
1979-03-07,1013.8077
1979-03-14,1016.7339
1979-03-21,1022.0612
1979-03-28,1024.8134
1979-04-04,1028.8389
1979-04-11,1033.4520
1979-04-18,1036.9082
1979-04-25,1038.4732
1979-05-02,1038.9254
1979-05-09,1042.4794
1979-05-16,1045.6400
1979-05-23,1048.7776
1979-05-30,1050.1816
1979-06-06,1054.5587
1979-06-13,1058.2342
1979-06-20,1062.0173
1979-06-27,1065.2979
1979-07-04,1068.2084
1979-07-11,1074.2609
1979-07-18,1074.0401
1979-07-25,1078.2620
1979-08-01,1077.9415
1979-08-08,1078.9000
1979-08-15,1081.7357
1979-08-22,1083.9171
1979-08-29,1085.6484
1979-09-05,1092.1745
1979-09-12,1095.6206
1979-09-19,1101.3623
1979-09-26,1102.0782
1979-10-03,1100.2006
1979-10-10,1105.1174
1979-10-17,1104.2121
1979-10-24,1104.9700
1979-10-31,1104.8039
1979-11-07,1102.4274
1979-11-14,1105.1851
1979-11-21,1103.6959
1979-11-28,1102.8665
1979-12-05,1106.9267
1979-12-12,1109.3383
1979-12-19,1110.4019
1979-12-26,1111.9350
1980-01-02,1110.9161
1980-01-09,1113.3075
1980-01-16,1114.0063
1980-01-23,1116.5121
1980-01-30,1115.6048
1980-02-06,1122.7838
1980-02-13,1126.0171
1980-02-20,1130.7715
1980-02-27,1130.8365
1980-03-05,1134.9727
1980-03-12,1137.7391
1980-03-19,1137.6300
1980-03-26,1138.9039
1980-04-02,1140.9894
1980-04-09,1141.3920
1980-04-16,1139.3790
1980-04-23,1139.2984
1980-04-30,1140.0037
1980-05-07,1135.6717
1980-05-14,1137.9398
1980-05-21,1137.8052
1980-05-28,1137.3376
1980-06-04,1134.7084
1980-06-11,1135.9319
1980-06-18,1136.1372
1980-06-25,1138.9660
1980-07-02,1139.0132
1980-07-09,1141.9500
1980-07-16,1144.4518
1980-07-23,1147.8602
1980-07-30,1147.6551
1980-08-06,1153.1806
1980-08-13,1153.9860
1980-08-20,1158.2987
1980-08-27,1160.4721
1980-09-03,1160.6688
1980-09-10,1162.8088
1980-09-17,1164.5409
1980-09-24,1166.1341
1980-10-01,1171.9224
1980-10-08,1172.9060
1980-10-15,1176.6534
1980-10-22,1180.4111
1980-10-29,1183.3956
1980-11-05,1189.8252
1980-11-12,1193.9636
1980-11-19,1195.8800
1980-11-26,1200.2973
1980-12-03,1200.2659
1980-12-10,1207.1323
1980-12-17,1206.8186
1980-12-24,1207.9353
1980-12-31,1209.8430
1981-01-07,1210.1057
1981-01-14,1214.0636
1981-01-21,1215.2739
1981-01-28,1217.1620
1981-02-04,1218.9052
1981-02-11,1218.8664
1981-02-18,1219.8084
1981-02-25,1222.2329
1981-03-04,1223.8402
1981-03-11,1222.7569
1981-03-18,1224.1955
1981-03-25,1224.8175
1981-04-01,1230.7584
1981-04-08,1229.8242
1981-04-15,1232.6869
1981-04-22,1235.4538
1981-04-29,1239.3042
1981-05-06,1245.1460
1981-05-13,1246.4132
1981-05-20,1247.6322
1981-05-27,1250.0673
1981-06-03,1254.1997
1981-06-10,1253.8388
1981-06-17,1258.2996
1981-06-24,1258.0205
1981-07-01,1261.7867
1981-07-08,1259.1122
1981-07-15,1262.3508
1981-07-22,1263.6449
1981-07-29,1266.4570
1981-08-05,1271.1281
1981-08-12,1270.2756
1981-08-19,1267.1769
1981-08-26,1272.0373
1981-09-02,1274.0235
1981-09-09,1274.2998
1981-09-16,1275.9349
1981-09-23,1275.3978
1981-09-30,1285.6042
1981-10-07,1281.5583
1981-10-14,1282.4449
1981-10-21,1285.5302
1981-10-28,1284.2704
1981-11-04,1286.2911
1981-11-11,1288.0971
1981-11-18,1288.7857
1981-11-25,1293.4231
1981-12-02,1295.2615
1981-12-09,1284.7978
1981-12-16,1285.7940
1981-12-23,1283.1390
1981-12-30,1285.1743
1982-01-06,1283.7744
1982-01-13,1288.2709
1982-01-20,1288.9696
1982-01-27,1295.4951
1982-02-03,1297.9664
1982-02-10,1302.4513
1982-02-17,1304.4920
1982-02-24,1307.9502
1982-03-03,1305.1615
1982-03-10,1308.2939
1982-03-17,1310.5774
1982-03-24,1312.9758
1982-03-31,1319.8699
1982-04-07,1327.8444
1982-04-14,1325.3380
1982-04-21,1325.6389
1982-04-28,1325.1596
1982-05-05,1330.7098
1982-05-12,1332.4197
1982-05-19,1332.6464
1982-05-26,1339.0528
1982-06-02,1338.1640
1982-06-09,1343.0416
1982-06-16,1341.4915
1982-06-23,1342.4197
1982-06-30,1346.2365
1982-07-07,1345.6610
1982-07-14,1349.1703
1982-07-21,1348.6536
1982-07-28,1352.3263
1982-08-04,1351.7120
1982-08-11,1354.2678
1982-08-18,1354.8539
1982-08-25,1355.8288
1982-09-01,1359.4057
1982-09-08,1360.9645
1982-09-15,1364.1927
1982-09-22,1365.4441
1982-09-29,1367.0864
1982-10-06,1370.9729
1982-10-13,1374.0784
1982-10-20,1375.0521
1982-10-27,1376.2131
1982-11-03,1375.5293
1982-11-10,1374.7263
1982-11-17,1373.4456
1982-11-24,1375.4433
1982-12-01,1375.5578
1982-12-08,1381.2567
1982-12-15,1381.5847
1982-12-22,1384.6879
1982-12-29,1381.5345
1983-01-05,1389.3978
1983-01-12,1390.4399
1983-01-19,1392.3926
1983-01-26,1396.8702
1983-02-02,1399.5274
1983-02-09,1398.6385
1983-02-16,1399.7990
1983-02-23,1400.5734
1983-03-02,1409.3736
1983-03-09,1410.1885
1983-03-16,1414.1423
1983-03-23,1417.0822
1983-03-30,1420.6187
1983-04-06,1424.6058
1983-04-13,1423.9546
1983-04-20,1429.2003
1983-04-27,1430.1645
1983-05-04,1431.3104
1983-05-11,1435.5076
1983-05-18,1438.5392
1983-05-25,1441.6828
1983-06-01,1449.6867
1983-06-08,1452.6460
1983-06-15,1456.4468
1983-06-22,1456.9079
1983-06-29,1459.3899
1983-07-06,1463.7808
1983-07-13,1462.7298
1983-07-20,1468.3315
1983-07-27,1470.1174
1983-08-03,1473.1312
1983-08-10,1474.6796
1983-08-17,1478.8076
1983-08-24,1482.8445
1983-08-31,1485.0276
1983-09-07,1486.9481
1983-09-14,1488.2242
1983-09-21,1493.1248
1983-09-28,1493.6567
1983-10-05,1499.6836
1983-10-12,1504.3779
1983-10-19,1505.9308
1983-10-26,1513.2891
1983-11-02,1514.2170
1983-11-09,1520.8426
1983-11-16,1522.9934
1983-11-23,1524.8604
1983-11-30,1525.5671
1983-12-07,1531.3727
1983-12-14,1534.4067
1983-12-21,1534.4925
1983-12-28,1533.5048
1984-01-04,1535.5814
1984-01-11,1538.4639
1984-01-18,1538.1949
1984-01-25,1540.6374
1984-02-01,1546.2331
1984-02-08,1551.4433
1984-02-15,1561.9857
1984-02-22,1561.1439
1984-02-29,1567.1404
1984-03-07,1568.5382
1984-03-14,1574.6253
1984-03-21,1575.6897
1984-03-28,1576.6937
1984-04-04,1586.2913
1984-04-11,1584.3952
1984-04-18,1593.2420
1984-04-25,1598.0424
1984-05-02,1599.4862
1984-05-09,1604.8112
1984-05-16,1605.6007
1984-05-23,1610.8690
1984-05-30,1613.9166
1984-06-06,1617.8632
1984-06-13,1617.7083
1984-06-20,1622.1593
1984-06-27,1625.8716
1984-07-04,1629.0122
1984-07-11,1633.3930
1984-07-18,1631.1220
1984-07-25,1638.4590
1984-08-01,1637.5313
1984-08-08,1639.4070
1984-08-15,1642.7117
1984-08-22,1644.6731
1984-08-29,1645.8431
1984-09-05,1647.3261
1984-09-12,1654.9004
1984-09-19,1657.8551
1984-09-26,1659.0939
1984-10-03,1656.4697
1984-10-10,1664.0927
1984-10-17,1664.2809
1984-10-24,1667.2263
1984-10-31,1677.3993
1984-11-07,1679.0543
1984-11-14,1683.1042
1984-11-21,1683.3592
1984-11-28,1679.5113
1984-12-05,1689.6433
1984-12-12,1693.0082
1984-12-19,1698.3171
1984-12-26,1700.3957
1985-01-02,1695.7083
1985-01-09,1700.6569
1985-01-16,1700.3702
1985-01-23,1706.4015
1985-01-30,1708.0116
1985-02-06,1713.4610
1985-02-13,1715.5888
1985-02-20,1724.8985
1985-02-27,1728.8097
1985-03-06,1732.7547
1985-03-13,1734.6884
1985-03-20,1736.4462
1985-03-27,1737.7889
1985-04-03,1733.2374
1985-04-10,1731.9398
1985-04-17,1735.6208
1985-04-24,1741.1506
1985-05-01,1740.0042
1985-05-08,1746.9461
1985-05-15,1754.0947
1985-05-22,1756.3186
1985-05-29,1756.8225
1985-06-05,1760.9919
1985-06-12,1766.2012
1985-06-19,1772.5598
1985-06-26,1775.6084
1985-07-03,1779.5758
1985-07-10,1780.5571
1985-07-17,1782.2696
1985-07-24,1782.9364
1985-07-31,1785.8781
1985-08-07,1784.9070
1985-08-14,1788.4874
1985-08-21,1793.7884
1985-08-28,1794.8918
1985-09-04,1798.3475
1985-09-11,1804.3444
1985-09-18,1804.8520
1985-09-25,1811.1572
1985-10-02,1808.8460
1985-10-09,1811.5066
1985-10-16,1810.2978
1985-10-23,1811.0326
1985-10-30,1815.6730
1985-11-06,1825.2343
1985-11-13,1826.5199
1985-11-20,1836.7819
1985-11-27,1842.1161
1985-12-04,1841.4866
1985-12-11,1845.3703
1985-12-18,1857.6916
1985-12-25,1858.8979
1986-01-01,1878.8175
1986-01-08,1880.0200
1986-01-15,1886.5725
1986-01-22,1884.0873
1986-01-29,1882.6064
1986-02-05,1885.0607
1986-02-12,1884.5786
1986-02-19,1888.9090
1986-02-26,1890.2311
1986-03-05,1892.2411
1986-03-12,1897.7096
1986-03-19,1901.3138
1986-03-26,1906.0773
1986-04-02,1904.2083
1986-04-09,1909.7708
1986-04-16,1914.5843
1986-04-23,1913.4651
1986-04-30,1920.2373
1986-05-07,1917.5022
1986-05-14,1923.2577
1986-05-21,1923.3500
1986-05-28,1927.7594
1986-06-04,1926.9406
1986-06-11,1930.5775
1986-06-18,1930.7201
1986-06-25,1941.4285
1986-07-02,1944.1772
1986-07-09,1947.6854
1986-07-16,1956.5451
1986-07-23,1962.4157
1986-07-30,1962.9683
1986-08-06,1969.7262
1986-08-13,1968.4756
1986-08-20,1974.5286
1986-08-27,1986.5381
1986-09-03,1992.4969
1986-09-10,1991.5615
1986-09-17,1998.1550
1986-09-24,1996.1634
1986-10-01,2002.4486
1986-10-08,1996.0189
1986-10-15,1997.1544
1986-10-22,1998.9481
1986-10-29,2001.1348
1986-11-05,2006.5682
1986-11-12,2017.6155
1986-11-19,2013.1225
1986-11-26,2026.7168
1986-12-03,2031.0450
1986-12-10,2037.1651
1986-12-17,2039.9118
1986-12-24,2065.7385
1986-12-31,2080.1703
1987-01-07,2075.7396
1987-01-14,2070.2715
1987-01-21,2072.4383
1987-01-28,2078.6299
1987-02-04,2074.0335
1987-02-11,2073.7122
1987-02-18,2075.6183
1987-02-25,2080.2573
1987-03-04,2081.2612
1987-03-11,2083.3287
1987-03-18,2088.0423
1987-03-25,2091.6440
1987-04-01,2098.3589
1987-04-08,2102.0465
1987-04-15,2113.3074
1987-04-22,2116.2433
1987-04-29,2117.9659
1987-05-06,2116.4934
1987-05-13,2116.7385
1987-05-20,2123.1698
1987-05-27,2125.9052
1987-06-03,2124.0557
1987-06-10,2129.0880
1987-06-17,2130.2052
1987-06-24,2129.9866
1987-07-01,2124.7761
1987-07-08,2131.0195
1987-07-15,2135.0571
1987-07-22,2133.1549
1987-07-29,2136.7398
1987-08-05,2140.7508
1987-08-12,2145.5561
1987-08-19,2144.2132
1987-08-26,2148.7398
1987-09-02,2149.1681
1987-09-09,2161.5598
1987-09-16,2167.6241
1987-09-23,2171.2057
1987-09-30,2179.1733
1987-10-07,2172.1584
1987-10-14,2174.7392
1987-10-21,2187.3065
1987-10-28,2190.0065
1987-11-04,2182.0772
1987-11-11,2183.0660
1987-11-18,2185.1985
1987-11-25,2185.3671
1987-12-02,2186.8985
1987-12-09,2194.3825
1987-12-16,2197.0385
1987-12-23,2200.5451
1987-12-30,2203.2726
1988-01-06,2206.3770
1988-01-13,2209.8597
1988-01-20,2211.5377
1988-01-27,2217.4024
1988-02-03,2219.9929
1988-02-10,2217.8078
1988-02-17,2221.0311
1988-02-24,2222.4485
1988-03-02,2228.5033
1988-03-09,2233.6281
1988-03-16,2236.8597
1988-03-23,2240.4417
1988-03-30,2244.6316
1988-04-06,2255.5434
1988-04-13,2252.1641
1988-04-20,2260.3348
1988-04-27,2264.8206
1988-05-04,2269.7546
1988-05-11,2276.9873
1988-05-18,2274.5370
1988-05-25,2285.1072
1988-06-01,2288.8787
1988-06-08,2292.4490
1988-06-15,2297.4716
1988-06-22,2300.2575
1988-06-29,2304.3649
1988-07-06,2311.8899
1988-07-13,2311.5616
1988-07-20,2314.8870
1988-07-27,2316.7366
1988-08-03,2318.4795
1988-08-10,2322.9402
1988-08-17,2322.0087
1988-08-24,2324.6342
1988-08-31,2326.3930
1988-09-07,2323.4227
1988-09-14,2325.2625
1988-09-21,2332.1254
1988-09-28,2334.0064
1988-10-05,2338.1287
1988-10-12,2343.1978
1988-10-19,2340.9269
1988-10-26,2342.8111
1988-11-02,2346.0484
1988-11-09,2348.4678
1988-11-16,2356.3346
1988-11-23,2361.1419
1988-11-30,2363.4957
1988-12-07,2367.2591
1988-12-14,2366.0391
1988-12-21,2370.9734
1988-12-28,2368.9929
1989-01-04,2362.8315
1989-01-11,2371.5548
1989-01-18,2378.4006
1989-01-25,2379.9314
1989-02-01,2378.9496
1989-02-08,2393.0243
1989-02-15,2398.0170
1989-02-22,2395.2787
1989-03-01,2395.7614
1989-03-08,2394.6602
1989-03-15,2401.8760
1989-03-22,2402.8666
1989-03-29,2413.0757
1989-04-05,2414.3471
1989-04-12,2415.4428
1989-04-19,2423.1504
1989-04-26,2426.9529
1989-05-03,2428.5876
1989-05-10,2431.5972
1989-05-17,2436.1389
1989-05-24,2444.3477
1989-05-31,2446.4596
1989-06-07,2445.1103
1989-06-14,2445.4996
1989-06-21,2452.3032
1989-06-28,2455.8906
1989-07-05,2462.4663
1989-07-12,2464.1942
1989-07-19,2468.9486
1989-07-26,2482.9691
1989-08-02,2478.1712
1989-08-09,2483.1361
1989-08-16,2486.1477
1989-08-23,2491.1249
1989-08-30,2489.8931
1989-09-06,2495.7701
1989-09-13,2496.1151
1989-09-20,2501.0430
1989-09-27,2500.6486
1989-10-04,2502.8718
1989-10-11,2512.9119
1989-10-18,2516.3328
1989-10-25,2524.8541
1989-11-01,2532.6326
1989-11-08,2525.3830
1989-11-15,2530.6080
1989-11-22,2532.8430
1989-11-29,2529.9295
1989-12-06,2536.4902
1989-12-13,2542.8720
1989-12-20,2540.4654
1989-12-27,2535.8598
1990-01-03,2535.1902
1990-01-10,2547.5679
1990-01-17,2551.0698
1990-01-24,2558.6051
1990-01-31,2563.2464
1990-02-07,2565.9592
1990-02-14,2568.1941
1990-02-21,2576.8436
1990-02-28,2575.7895
1990-03-07,2578.4637
1990-03-14,2578.2833
1990-03-21,2586.1586
1990-03-28,2584.0063
1990-04-04,2583.8961
1990-04-11,2590.9447
1990-04-18,2597.4606
1990-04-25,2599.8413
1990-05-02,2600.9333
1990-05-09,2603.3663
1990-05-16,2605.2689
1990-05-23,2611.1007
1990-05-30,2608.9316
1990-06-06,2617.6225
1990-06-13,2622.2334
1990-06-20,2627.2119
1990-06-27,2628.6115
1990-07-04,2620.1437
1990-07-11,2626.9487
1990-07-18,2633.4611
1990-07-25,2633.8375
1990-08-01,2635.0344
1990-08-08,2634.6866
1990-08-15,2642.8878
1990-08-22,2644.4166
1990-08-29,2642.0148
1990-09-05,2646.1056
1990-09-12,2644.9900
1990-09-19,2649.4698
1990-09-26,2645.8669
1990-10-03,2648.6600
1990-10-10,2652.7542
1990-10-17,2654.2908
1990-10-24,2659.4849
1990-10-31,2660.8656
1990-11-07,2659.7034
1990-11-14,2661.9564
1990-11-21,2663.9198
1990-11-28,2660.1371
1990-12-05,2669.4227
1990-12-12,2674.4546
1990-12-19,2674.9290
1990-12-26,2678.2636
1991-01-02,2664.2685
1991-01-09,2667.4390
1991-01-16,2669.8498
1991-01-23,2678.6838
1991-01-30,2671.2137
1991-02-06,2674.3802
1991-02-13,2678.1000
1991-02-20,2684.1815
1991-02-27,2685.8191
1991-03-06,2689.8224
1991-03-13,2696.6674
1991-03-20,2700.4710
1991-03-27,2700.0145
1991-04-03,2699.4533
1991-04-10,2697.3475
1991-04-17,2697.2243
1991-04-24,2700.1147
1991-05-01,2704.8637
1991-05-08,2698.1294
1991-05-15,2702.6280
1991-05-22,2703.8893
1991-05-29,2705.6798
1991-06-05,2707.2199
1991-06-12,2712.6138
1991-06-19,2708.7928
1991-06-26,2718.5020
1991-07-03,2707.4268
1991-07-10,2714.3154
1991-07-17,2707.9727
1991-07-24,2711.8999
1991-07-31,2713.8363
1991-08-07,2709.5228
1991-08-14,2708.0978
1991-08-21,2711.7739
1991-08-28,2711.6252
1991-09-04,2715.0496
1991-09-11,2718.0929
1991-09-18,2723.5531
1991-09-25,2724.4248
1991-10-02,2728.5684
1991-10-09,2733.2765
1991-10-16,2740.4898
1991-10-23,2740.7060
1991-10-30,2742.4365
1991-11-06,2746.0766
1991-11-13,2754.0083
1991-11-20,2753.4692
1991-11-27,2759.4570
1991-12-04,2759.0805
1991-12-11,2765.9646
1991-12-18,2768.4969
1991-12-25,2777.5946
1992-01-01,2774.1656
1992-01-08,2774.4744
1992-01-15,2774.9566
1992-01-22,2778.8530
1992-01-29,2780.8872
1992-02-05,2790.2251
1992-02-12,2781.6146
1992-02-19,2782.9371
1992-02-26,2779.3248
1992-03-04,2785.4350
1992-03-11,2786.2041
1992-03-18,2782.5127
1992-03-25,2791.7937
1992-04-01,2795.7702
1992-04-08,2791.8693
1992-04-15,2803.0336
1992-04-22,2795.1239
1992-04-29,2792.4916
1992-05-06,2801.0405
1992-05-13,2806.6224
1992-05-20,2800.2037
1992-05-27,2800.3870
1992-06-03,2799.4139
1992-06-10,2804.8182
1992-06-17,2803.6593
1992-06-24,2808.9554
1992-07-01,2809.7662
1992-07-08,2809.0723
1992-07-15,2815.0711
1992-07-22,2816.0556
1992-07-29,2807.1373
1992-08-05,2819.2267
1992-08-12,2820.1506
1992-08-19,2819.0659
1992-08-26,2823.0473
1992-09-02,2827.3170
1992-09-09,2828.7176
1992-09-16,2831.1603
1992-09-23,2832.5453
1992-09-30,2843.1017
1992-10-07,2835.4920
1992-10-14,2840.5026
1992-10-21,2838.7325
1992-10-28,2840.8709
1992-11-04,2842.5913
1992-11-11,2848.3030
1992-11-18,2844.8918
1992-11-25,2852.0292
1992-12-02,2853.8791
1992-12-09,2858.2341
1992-12-16,2856.9710
1992-12-23,2862.4319
1992-12-30,2867.0180
1993-01-06,2859.5600
1993-01-13,2857.8250
1993-01-20,2859.6658
1993-01-27,2856.1470
1993-02-03,2869.2309
1993-02-10,2866.4568
1993-02-17,2869.8011
1993-02-24,2869.3101
1993-03-03,2875.3192
1993-03-10,2876.2248
1993-03-17,2884.3244
1993-03-24,2882.4420
1993-03-31,2891.1292
1993-04-07,2888.2850
1993-04-14,2889.2163
1993-04-21,2891.1812
1993-04-28,2898.2551
1993-05-05,2900.3111
1993-05-12,2907.5018
1993-05-19,2906.5909
1993-05-26,2912.1688
1993-06-02,2923.8887
1993-06-09,2924.4281
1993-06-16,2924.6456
1993-06-23,2927.4817
1993-06-30,2940.8297
1993-07-07,2943.6475
1993-07-14,2940.4965
1993-07-21,2944.1310
1993-07-28,2943.8639
1993-08-04,2957.8170
1993-08-11,2954.1456
1993-08-18,2954.1388
1993-08-25,2951.3743
1993-09-01,2952.5831
1993-09-08,2952.9019
1993-09-15,2963.9558
1993-09-22,2962.0957
1993-09-29,2963.4357
1993-10-06,2961.9113
1993-10-13,2965.3978
1993-10-20,2962.4645
1993-10-27,2962.5471
1993-11-03,2966.5152
1993-11-10,2976.6427
1993-11-17,2970.2234
1993-11-24,2973.2637
1993-12-01,2985.7333
1993-12-08,2986.0686
1993-12-15,2993.9918
1993-12-22,2993.2141
1993-12-29,2996.8191
1994-01-05,3010.9047
1994-01-12,3011.6175
1994-01-19,3006.0220
1994-01-26,2998.3478
1994-02-02,3002.2063
1994-02-09,3007.1508
1994-02-16,3008.0667
1994-02-23,3002.2947
1994-03-02,3020.9769
1994-03-09,3027.7514
1994-03-16,3034.6038
1994-03-23,3042.4102
1994-03-30,3051.3146
1994-04-06,3058.2274
1994-04-13,3055.1116
1994-04-20,3060.0617
1994-04-27,3056.2999
1994-05-04,3054.4167
1994-05-11,3062.2193
1994-05-18,3059.7540
1994-05-25,3064.4842
1994-06-01,3066.6719
1994-06-08,3064.7281
1994-06-15,3079.5027
1994-06-22,3078.9975
1994-06-29,3085.0384
1994-07-06,3095.8931
1994-07-13,3102.1386
1994-07-20,3105.9231
1994-07-27,3109.9576
1994-08-03,3103.8176
1994-08-10,3108.6520
1994-08-17,3115.6805
1994-08-24,3118.9612
1994-08-31,3127.0272
1994-09-07,3119.1459
1994-09-14,3129.9076
1994-09-21,3135.9309
1994-09-28,3131.2945
1994-10-05,3131.6162
1994-10-12,3136.3897
1994-10-19,3141.4439
1994-10-26,3142.1627
1994-11-02,3147.3132
1994-11-09,3142.9505
1994-11-16,3153.6736
1994-11-23,3149.4431
1994-11-30,3156.6757
1994-12-07,3160.8522
1994-12-14,3167.2531
1994-12-21,3180.9374
1994-12-28,3182.4697
1995-01-04,3187.8873
1995-01-11,3193.8502
1995-01-18,3200.0933
1995-01-25,3203.1025
1995-02-01,3209.7952
1995-02-08,3202.4876
1995-02-15,3204.9387
1995-02-22,3206.7227
1995-03-01,3212.2006
1995-03-08,3208.1272
1995-03-15,3218.3625
1995-03-22,3215.8498
1995-03-29,3214.7797
1995-04-05,3260.7411
1995-04-12,3264.4183
1995-04-19,3274.1973
1995-04-26,3275.6541
1995-05-03,3277.6045
1995-05-10,3284.5401
1995-05-17,3282.2051
1995-05-24,3294.2421
1995-05-31,3300.1529
1995-06-07,3299.9588
1995-06-14,3301.4294
1995-06-21,3311.5942
1995-06-28,3309.2334
1995-07-05,3322.5681
1995-07-12,3329.8370
1995-07-19,3333.2913
1995-07-26,3338.9559
1995-08-02,3340.2628
1995-08-09,3348.4226
1995-08-16,3354.8096
1995-08-23,3361.4861
1995-08-30,3356.3314
1995-09-06,3360.7875
1995-09-13,3368.3431
1995-09-20,3380.1719
1995-09-27,3381.1964
1995-10-04,3369.0954
1995-10-11,3370.6178
1995-10-18,3369.4522
1995-10-25,3381.1156
1995-11-01,3384.2986
1995-11-08,3381.1483
1995-11-15,3386.8613
1995-11-22,3393.3530
1995-11-29,3385.0209
1995-12-06,3390.3476
1995-12-13,3395.6778
1995-12-20,3406.6362
1995-12-27,3404.7529
1996-01-03,3411.1234
1996-01-10,3417.3826
1996-01-17,3415.7199
1996-01-24,3417.1202
1996-01-31,3422.0563
1996-02-07,3420.3825
1996-02-14,3429.3776
1996-02-21,3439.5391
1996-02-28,3441.8939
1996-03-06,3426.0057
1996-03-13,3437.6287
1996-03-20,3446.5206
1996-03-27,3451.2090
1996-04-03,3445.2350
1996-04-10,3458.6219
1996-04-17,3461.2091
1996-04-24,3466.0882
1996-05-01,3466.7690
1996-05-08,3466.0642
1996-05-15,3470.2722
1996-05-22,3474.6517
1996-05-29,3464.8145
1996-06-05,3468.9701
1996-06-12,3481.2213
1996-06-19,3484.1642
1996-06-26,3490.9148
1996-07-03,3489.7691
1996-07-10,3496.2252
1996-07-17,3485.0595
1996-07-24,3491.1332
1996-07-31,3479.1155
1996-08-07,3494.6821
1996-08-14,3497.3686
1996-08-21,3500.0141
1996-08-28,3497.3450
1996-09-04,3503.0282
1996-09-11,3515.9304
1996-09-18,3507.0971
1996-09-25,3529.3299
1996-10-02,3546.7037
1996-10-09,3547.9101
1996-10-16,3552.1093
1996-10-23,3548.2103
1996-10-30,3546.9649
1996-11-06,3554.7727
1996-11-13,3562.0479
1996-11-20,3565.6628
1996-11-27,3581.9800
1996-12-04,3576.9302
1996-12-11,3587.8277
1996-12-18,3584.7076
1996-12-25,3591.4327
1997-01-01,3595.8852
1997-01-08,3608.9935
1997-01-15,3603.5452
1997-01-22,3617.1116
1997-01-29,3616.1735
1997-02-05,3619.0073
1997-02-12,3623.4177
1997-02-19,3630.6190
1997-02-26,3629.6548
1997-03-05,3640.9080
1997-03-12,3653.3706
1997-03-19,3656.1395
1997-03-26,3670.7774
1997-04-02,3672.6397
1997-04-09,3681.5383
1997-04-16,3695.8050
1997-04-23,3704.2499
1997-04-30,3722.7560
1997-05-07,3713.1357
1997-05-14,3719.2789
1997-05-21,3725.6693
1997-05-28,3729.1005
1997-06-04,3736.1296
1997-06-11,3743.2161
1997-06-18,3745.0093
1997-06-25,3752.9064
1997-07-02,3767.1004
1997-07-09,3764.0307
1997-07-16,3772.5059
1997-07-23,3775.0421
1997-07-30,3782.4384
1997-08-06,3777.9819
1997-08-13,3772.7916
1997-08-20,3789.6061
1997-08-27,3793.8359
1997-09-03,3804.5725
1997-09-10,3810.1116
1997-09-17,3813.4989
1997-09-24,3814.1344
1997-10-01,3821.0845
1997-10-08,3825.1088
1997-10-15,3821.9285
1997-10-22,3829.5005
1997-10-29,3833.7776
1997-11-05,3851.3394
1997-11-12,3862.2681
1997-11-19,3856.0656
1997-11-26,3878.1038
1997-12-03,3874.4366
1997-12-10,3867.2164
1997-12-17,3879.3392
1997-12-24,3897.7533
1997-12-31,3905.2897
1998-01-07,3914.6010
1998-01-14,3915.7498
1998-01-21,3932.9423
1998-01-28,3928.2049
1998-02-04,3938.5741
1998-02-11,3942.4976
1998-02-18,3953.9146
1998-02-25,3963.5717
1998-03-04,3992.3570
1998-03-11,3991.6048
1998-03-18,3989.7377
1998-03-25,3994.7900
1998-04-01,4017.1502
1998-04-08,4011.7122
1998-04-15,4006.9570
1998-04-22,3994.5592
1998-04-29,4010.0693
1998-05-06,4028.8383
1998-05-13,4017.9433
1998-05-20,4020.8696
1998-05-27,4029.4078
1998-06-03,4036.7291
1998-06-10,4032.9919
1998-06-17,4035.6394
1998-06-24,4043.6153
1998-07-01,4056.2370
1998-07-08,4040.6576
1998-07-15,4049.7893
1998-07-22,4050.4885
1998-07-29,4066.6757
1998-08-05,4073.9032
1998-08-12,4086.1092
1998-08-19,4091.5748
1998-08-26,4109.8028
1998-09-02,4121.7747
1998-09-09,4112.7705
1998-09-16,4119.4540
1998-09-23,4129.9095
1998-09-30,4129.8979
1998-10-07,4130.3183
1998-10-14,4155.0248
1998-10-21,4182.2210
1998-10-28,4204.7680
1998-11-04,4218.1713
1998-11-11,4224.3738
1998-11-18,4228.8455
1998-11-25,4235.6898
1998-12-02,4232.9999
1998-12-09,4245.9376
1998-12-16,4235.3509
1998-12-23,4232.6450
1998-12-30,4244.1537
1999-01-06,4248.1236
1999-01-13,4255.9599
1999-01-20,4251.2993
1999-01-27,4240.4584
1999-02-03,4238.7828
1999-02-10,4242.3060
1999-02-17,4235.3371
1999-02-24,4235.3877
1999-03-03,4250.1989
1999-03-10,4253.0832
1999-03-17,4259.1328
1999-03-24,4270.0623
1999-03-31,4275.8746
1999-04-07,4270.4637
1999-04-14,4282.2039
1999-04-21,4285.2920
1999-04-28,4271.6811
1999-05-05,4275.9202
1999-05-12,4286.9617
1999-05-19,4283.0336
1999-05-26,4288.0897
1999-06-02,4291.6265
1999-06-09,4297.3942
1999-06-16,4318.2996
1999-06-23,4330.9348
1999-06-30,4328.4208
1999-07-07,4318.5807
1999-07-14,4334.2371
1999-07-21,4339.0022
1999-07-28,4326.8363
1999-08-04,4325.8839
1999-08-11,4342.2774
1999-08-18,4354.2846
1999-08-25,4360.4815
1999-09-01,4366.0419
1999-09-08,4359.8630
1999-09-15,4378.5841
1999-09-22,4396.1373
1999-09-29,4395.4933
1999-10-06,4396.9646
1999-10-13,4406.2141
1999-10-20,4416.3842
1999-10-27,4424.3914
1999-11-03,4423.2741
1999-11-10,4431.8255
1999-11-17,4451.8030
1999-11-24,4462.4390
1999-12-01,4471.0839
1999-12-08,4478.8488
1999-12-15,4498.4048
1999-12-22,4521.7759
1999-12-29,4523.1053
2000-01-05,4514.6508
2000-01-12,4531.0557
2000-01-19,4544.7460
2000-01-26,4554.1502
2000-02-02,4551.5738
2000-02-09,4545.2707
2000-02-16,4556.0530
2000-02-23,4569.8519
2000-03-01,4588.9829
2000-03-08,4592.9647
2000-03-15,4619.3915
2000-03-22,4627.7276
2000-03-29,4621.7208
2000-04-05,4637.3123
2000-04-12,4646.2310
2000-04-19,4658.6877
2000-04-26,4671.0925
2000-05-03,4680.7801
2000-05-10,4696.1678
2000-05-17,4698.8046
2000-05-24,4721.8648
2000-05-31,4719.8441
2000-06-07,4726.3792
2000-06-14,4734.5759
2000-06-21,4763.1431
2000-06-28,4754.0626
2000-07-05,4760.9177
2000-07-12,4766.4133
2000-07-19,4779.9405
2000-07-26,4788.5738
2000-08-02,4790.2236
2000-08-09,4792.5562
2000-08-16,4805.1934
2000-08-23,4811.3095
2000-08-30,4800.3447
2000-09-06,4815.2044
2000-09-13,4812.7109
2000-09-20,4840.5919
2000-09-27,4835.4319
2000-10-04,4814.3442
2000-10-11,4817.5937
2000-10-18,4810.9092
2000-10-25,4812.5664
2000-11-01,4822.3263
2000-11-08,4812.1984
2000-11-15,4831.8079
2000-11-22,4838.8943
2000-11-29,4836.2073
2000-12-06,4842.3584
2000-12-13,4853.5236
2000-12-20,4869.8326
2000-12-27,4882.7253
2001-01-03,4889.4360
2001-01-10,4890.9857
2001-01-17,4896.7528
2001-01-24,4905.5819
2001-01-31,4919.3912
2001-02-07,4894.9112
2001-02-14,4901.5865
2001-02-21,4906.0315
2001-02-28,4918.7121
2001-03-07,4915.7106
2001-03-14,4903.2661
2001-03-21,4916.6068
2001-03-28,4921.9881
2001-04-04,4917.0704
2001-04-11,4930.1316
2001-04-18,4927.7052
2001-04-25,4941.3122
2001-05-02,4946.3009
2001-05-09,4944.0870
2001-05-16,4953.7674
2001-05-23,4955.8259
2001-05-30,4961.4155
2001-06-06,4963.5991
2001-06-13,4949.9679
2001-06-20,4949.4063
2001-06-27,4954.2158
2001-07-04,4934.4715
2001-07-11,4944.3035
2001-07-18,4949.9529
2001-07-25,4952.8852
2001-08-01,4963.0612
2001-08-08,4945.7716
2001-08-15,4945.0218
2001-08-22,4946.5898
2001-08-29,4948.7050
2001-09-05,4956.1616
2001-09-12,5110.3260
2001-09-19,5027.7789
2001-09-26,5005.1445
2001-10-03,5003.2683
2001-10-10,4993.7617
2001-10-17,4999.6822
2001-10-24,4987.4086
2001-10-31,5017.6530
2001-11-07,5020.9321
2001-11-14,5020.9841
2001-11-21,5031.5701
2001-11-28,5029.8190
2001-12-05,5070.2475
2001-12-12,5073.8594
2001-12-19,5060.3144
2001-12-26,5062.5735
2002-01-02,5065.1530
2002-01-09,5058.6349
2002-01-16,5042.8155
2002-01-23,5041.6538
2002-01-30,5035.0394
2002-02-06,5053.9207
2002-02-13,5051.4001
2002-02-20,5062.4794
2002-02-27,5058.6921
2002-03-06,5055.0343
2002-03-13,5052.0119
2002-03-20,5087.5823
2002-03-27,5082.1240
2002-04-03,5076.1415
2002-04-10,5081.6699
2002-04-17,5083.8627
2002-04-24,5078.3281
2002-05-01,5065.8109
2002-05-08,5067.4630
2002-05-15,5085.4630
2002-05-22,5093.0010
2002-05-29,5087.5949
2002-06-05,5106.5954
2002-06-12,5107.9852
2002-06-19,5120.4453
2002-06-26,5125.2224
2002-07-03,5112.3512
2002-07-10,5125.5700
2002-07-17,5126.2291
2002-07-24,5154.4445
2002-07-31,5156.8779
2002-08-07,5166.3726
2002-08-14,5187.1752
2002-08-21,5197.4509
2002-08-28,5219.9079
2002-09-04,5240.2829
2002-09-11,5233.3187
2002-09-18,5245.0826
2002-09-25,5259.5252
2002-10-02,5305.3000
2002-10-09,5318.9696
2002-10-16,5322.7279
2002-10-23,5344.1868
2002-10-30,5351.1709
2002-11-06,5373.7903
2002-11-13,5394.4362
2002-11-20,5384.8105
2002-11-27,5408.9126
2002-12-04,5423.7045
2002-12-11,5469.9170
2002-12-18,5451.3743
2002-12-25,5463.8114
2003-01-01,5466.1208
2003-01-08,5483.3079
2003-01-15,5474.5148
2003-01-22,5469.2891
2003-01-29,5457.2316
2003-02-05,5491.2900
2003-02-12,5502.9610
2003-02-19,5516.6930
2003-02-26,5519.3346
2003-03-05,5541.0577
2003-03-12,5551.9953
2003-03-19,5531.9665
2003-03-26,5524.1195
2003-04-02,5559.2723
2003-04-09,5563.2248
2003-04-16,5565.0349
2003-04-23,5600.7021
2003-04-30,5623.3563
2003-05-07,5632.7658
2003-05-14,5645.0341
2003-05-21,5644.0132
2003-05-28,5656.8799
2003-06-04,5674.9704
2003-06-11,5682.2003
2003-06-18,5686.6193
2003-06-25,5682.6258
2003-07-02,5750.9199
2003-07-09,5745.4445
2003-07-16,5703.8253
2003-07-23,5730.0688
2003-07-30,5736.1598
2003-08-06,5752.0570
2003-08-13,5729.4627
2003-08-20,5733.7754
2003-08-27,5719.9340
2003-09-03,5742.3525
2003-09-10,5751.7649
2003-09-17,5734.6871
2003-09-24,5706.4502
2003-10-01,5717.8415
2003-10-08,5695.0712
2003-10-15,5710.5803
2003-10-22,5698.7297
2003-10-29,5686.1618
2003-11-05,5721.2502
2003-11-12,5734.7078
2003-11-19,5722.5777
2003-11-26,5726.7791
2003-12-03,5724.3883
2003-12-10,5738.4511
2003-12-17,5824.3067
2003-12-24,5815.1054
2003-12-31,5810.9936
2004-01-07,5805.4987
2004-01-14,5806.0923
2004-01-21,5829.3778
2004-01-28,5832.4013
2004-02-04,5832.9775
2004-02-11,5851.1000
2004-02-18,5948.5829
2004-02-25,5934.0513
2004-03-03,5937.5567
2004-03-10,5958.3599
2004-03-17,5965.8509
2004-03-24,5997.6889
2004-03-31,6018.1846
2004-04-07,6005.0659
2004-04-14,6030.5884
2004-04-21,6047.7047
2004-04-28,6048.3715
2004-05-05,6062.0799
2004-05-12,6059.5762
2004-05-19,6065.1718
2004-05-26,6072.7268
2004-06-02,6069.9288
2004-06-09,6086.8092
2004-06-16,6105.9526
2004-06-23,6117.5560
2004-06-30,6129.2611
2004-07-07,6126.0108
2004-07-14,6149.4554
2004-07-21,6143.4821
2004-07-28,6122.5743
2004-08-04,6121.8105
2004-08-11,6152.3205
2004-08-18,6169.6067
2004-08-25,6182.9503
2004-09-01,6192.0148
2004-09-08,6202.1614
2004-09-15,6234.8889
2004-09-22,6242.7180
2004-09-29,6235.2207
2004-10-06,6237.3047
2004-10-13,6262.6974
2004-10-20,6266.4319
2004-10-27,6267.1898
2004-11-03,6271.1002
2004-11-10,6281.3800
2004-11-17,6292.1611
2004-11-24,6314.3986
2004-12-01,6335.9816
2004-12-08,6341.8723
2004-12-15,6359.7080
2004-12-22,6381.1561
2004-12-29,6399.7543
2005-01-05,6458.7191
2005-01-12,6478.2331
2005-01-19,6508.0942
2005-01-26,6506.0007
2005-02-02,6519.9890
2005-02-09,6521.1252
2005-02-16,6546.6042
2005-02-23,6587.3976
2005-03-02,6592.8359
2005-03-09,6604.1853
2005-03-16,6635.3209
2005-03-23,6649.7107
2005-03-30,6628.5332
2005-04-06,6642.8389
2005-04-13,6643.3874
2005-04-20,6680.7434
2005-04-27,6668.8121
2005-05-04,6671.0805
2005-05-11,6698.7391
2005-05-18,6712.4011
2005-05-25,6743.6217
2005-06-01,6744.2917
2005-06-08,6755.8481
2005-06-15,6697.9953
2005-06-22,6768.3264
2005-06-29,6775.2303
2005-07-06,6787.4258
2005-07-13,6823.5916
2005-07-20,6855.8057
2005-07-27,6860.7021
2005-08-03,6874.8365
2005-08-10,6882.1523
2005-08-17,6902.5248
2005-08-24,6916.0902
2005-08-31,6905.8102
2005-09-07,6906.0461
2005-09-14,6918.6856
2005-09-21,6956.8621
2005-09-28,6961.5733
2005-10-05,6961.3124
2005-10-12,6969.4362
2005-10-19,6990.2143
2005-10-26,6981.0570
2005-11-02,6961.8100
2005-11-09,6966.8103
2005-11-16,6997.0701
2005-11-23,7018.3559
2005-11-30,7000.5833
2005-12-07,7048.2896
2005-12-14,7065.2196
2005-12-21,7075.1038
2005-12-28,7095.7362
2006-01-04,7085.0888
2006-01-11,7092.2753
2006-01-18,7122.2928
2006-01-25,7146.3554
2006-02-01,7152.8548
2006-02-08,7140.6474
2006-02-15,7168.9453
2006-02-22,7185.0100
2006-03-01,7203.6012
2006-03-08,7184.6965
2006-03-15,7217.7356
2006-03-22,7233.7304
2006-03-29,7236.9259
2006-04-05,7259.3868
2006-04-12,7295.3723
2006-04-19,7333.5052
2006-04-26,7339.5403
2006-05-03,7354.6964
2006-05-10,7362.4492
2006-05-17,7391.4084
2006-05-24,7417.8494
2006-05-31,7423.3464
2006-06-07,7417.1099
2006-06-14,7438.6896
2006-06-21,7442.3920
2006-06-28,7430.3654
2006-07-05,7436.1574
2006-07-12,7449.8140
2006-07-19,7485.8229
2006-07-26,7495.1391
2006-08-02,7504.6940
2006-08-09,7494.8069
2006-08-16,7526.9844
2006-08-23,7550.4195
2006-08-30,7539.2454
2006-09-06,7537.8288
2006-09-13,7511.3412
2006-09-20,7545.5959
2006-09-27,7524.7991
2006-10-04,7672.5591
2006-10-11,7700.7616
2006-10-18,7703.8580
2006-10-25,7706.7446
2006-11-01,7740.3440
2006-11-08,7720.9577
2006-11-15,7733.4289
2006-11-22,7769.3180
2006-11-29,7781.4765
2006-12-06,7796.2739
2006-12-13,7798.3082
2006-12-20,7874.3463
2006-12-27,7877.6205
2007-01-03,7857.0408
2007-01-10,7871.8191
2007-01-17,7884.4989
2007-01-24,7895.2627
2007-01-31,7911.4413
2007-02-07,7909.0377
2007-02-14,7930.0442
2007-02-21,7942.6465
2007-02-28,7960.9637
2007-03-07,7942.1345
2007-03-14,7852.8293
2007-03-21,7865.4166
2007-03-28,7895.6142
2007-04-04,7929.9415
2007-04-11,7947.8992
2007-04-18,7951.0192
2007-04-25,7962.6704
2007-05-02,7964.5626
2007-05-09,7968.4821
2007-05-16,7978.0893
2007-05-23,8004.1732
2007-05-30,8025.3226
2007-06-06,8016.2765
2007-06-13,8030.8360
2007-06-20,8080.9585
2007-06-27,8083.9744
2007-07-04,8109.5044
2007-07-11,8111.2682
2007-07-18,8122.4779
2007-07-25,8147.7942
2007-08-01,8152.5188
2007-08-08,8171.0365
2007-08-15,8204.5473
2007-08-22,8264.9136
2007-08-29,8290.3567
2007-09-05,8309.2909
2007-09-12,8347.1750
2007-09-19,8351.1665
2007-09-26,8374.4657
2007-10-03,8360.6306
2007-10-10,8396.9841
2007-10-17,8453.9552
2007-10-24,8476.3253
2007-10-31,8476.1011
2007-11-07,8490.5767
2007-11-14,8504.2695
2007-11-21,8532.0602
2007-11-28,8541.8967
2007-12-05,8545.7499
2007-12-12,8554.3107
2007-12-19,8579.8287
2007-12-26,8587.1788
2008-01-02,8601.1139
2008-01-09,8599.5994
2008-01-16,8570.6463
2008-01-23,8606.5129
2008-01-30,8602.4337
2008-02-06,8610.8247
2008-02-13,8629.0839
2008-02-20,8659.0376
2008-02-27,8666.6241
2008-03-05,8661.2383
2008-03-12,8671.8121
2008-03-19,8713.5701
2008-03-26,8711.6289
2008-04-02,8677.8499
2008-04-09,8686.2953
2008-04-16,8689.5435
2008-04-23,8714.2054
2008-04-30,8716.9351
2008-05-07,8702.7544
2008-05-14,8701.3519
2008-05-21,8704.9824
2008-05-28,8690.0435
2008-06-04,8690.6516
2008-06-11,8697.1996
2008-06-18,8695.0747
2008-06-25,8692.5059
2008-07-02,8692.4609
2008-07-09,8691.9570
2008-07-16,8705.3540
2008-07-23,8689.2203
2008-07-30,8692.4281
2008-08-06,8674.8062
2008-08-13,8684.6872
2008-08-20,8690.6356
2008-08-27,8696.2250
2008-09-03,8670.2242
2008-09-10,8669.1549
2008-09-17,8752.6411
2008-09-24,8830.8135
2008-10-01,9129.8943
2008-10-08,9126.5481
2008-10-15,9188.7794
2008-10-22,9248.3878
2008-10-29,9244.3258
2008-11-05,9167.6436
2008-11-12,9153.8393
2008-11-19,9057.2393
2008-11-26,9077.8081
2008-12-03,9067.7947
2008-12-10,9047.7637
2008-12-17,9032.1486
2008-12-24,9031.6605
2008-12-31,8996.9320
2009-01-07,8985.8080
2009-01-14,9034.4628
2009-01-21,9060.6420
2009-01-28,9060.2654
2009-02-04,9076.1869
2009-02-11,9059.3851
2009-02-18,9079.0407
2009-02-25,9055.5672
2009-03-04,9060.9344
2009-03-11,9081.5847
2009-03-18,9021.6891
2009-03-25,9012.3445
2009-04-01,9004.6416
2009-04-08,8989.2230
2009-04-15,8978.9228
2009-04-22,8953.0762
2009-04-29,9052.8896
2009-05-06,9063.3272
2009-05-13,9024.2658
2009-05-20,9034.1538
2009-05-27,9043.4515
2009-06-03,9053.6200
2009-06-10,9030.5539
2009-06-17,9032.2819
2009-06-24,9023.4908
2009-07-01,9005.9514
2009-07-08,8993.6653
2009-07-15,8973.7851
2009-07-22,8947.9994
2009-07-29,8945.7342
2009-08-05,8946.9947
2009-08-12,8954.4084
2009-08-19,8912.1803
2009-08-26,8895.8197
2009-09-02,8876.2375
2009-09-09,8869.4768
2009-09-16,8857.8492
2009-09-23,8834.5687
2009-09-30,8779.6660
2009-10-07,8763.0102
2009-10-14,8762.4669
2009-10-21,8763.5553
2009-10-28,8739.8789
2009-11-04,8833.8077
2009-11-11,8837.4173
2009-11-18,8826.2088
2009-11-25,8798.2377
2009-12-02,8805.1926
2009-12-09,8810.4547
2009-12-16,8794.3098
2009-12-23,8748.7968
2009-12-30,8764.9626
2010-01-06,8741.6784
2010-01-13,8718.0928
2010-01-20,8718.5022
2010-01-27,8692.1369
2010-02-03,8678.8140
2010-02-10,8681.6697
2010-02-17,8648.9087
2010-02-24,8625.9134
2010-03-03,8609.9780
2010-03-10,8608.6199
2010-03-17,8607.1228
2010-03-24,8602.6075
2010-03-31,9023.4408
2010-04-07,9014.0171
2010-04-14,9033.4380
2010-04-21,9026.9208
2010-04-28,9009.7485
2010-05-05,8980.9444
2010-05-12,8997.7884
2010-05-19,8979.3089
2010-05-26,8945.4556
2010-06-02,8924.6802
2010-06-09,8938.0471
2010-06-16,8923.4110
2010-06-23,8928.2459
2010-06-30,8933.3232
2010-07-07,8932.6474
2010-07-14,8958.5410
2010-07-21,8984.8781
2010-07-28,8964.3900
2010-08-04,8982.2596
2010-08-11,9002.7229
2010-08-18,8983.8775
2010-08-25,8980.8166
2010-09-01,8999.4964
2010-09-08,8998.2702
2010-09-15,8984.7000
2010-09-22,8980.2177
2010-09-29,8973.1294
2010-10-06,9003.7556
2010-10-13,9000.1216
2010-10-20,9000.3605
2010-10-27,9002.1593
2010-11-03,9020.0532
2010-11-10,9004.7179
2010-11-17,9019.4993
2010-11-24,9016.0080
2010-12-01,9022.2032
2010-12-08,9020.6076
2010-12-15,8977.7919
2010-12-22,8967.8727
2010-12-29,8958.2167
2011-01-05,8940.6108
2011-01-12,8977.8258
2011-01-19,8957.5404
2011-01-26,8937.9580
2011-02-02,8921.6511
2011-02-09,8922.3120
2011-02-16,8908.5071
2011-02-23,8910.9491
2011-03-02,8906.1576
2011-03-09,8914.3860
2011-03-16,8908.4503
2011-03-23,8909.5651
2011-03-30,8912.4801
2011-04-06,8922.4213
2011-04-13,8923.5085
2011-04-20,8938.9483
2011-04-27,8930.0647
2011-05-04,8929.4825
2011-05-11,8937.9282
2011-05-18,8906.8132
2011-05-25,8922.0164
2011-06-01,8937.7066
2011-06-08,8930.6264
2011-06-15,8933.9100
2011-06-22,8923.8269
2011-06-29,8915.2308
2011-07-06,8926.0932
2011-07-13,8948.8408
2011-07-20,8946.1131
2011-07-27,8956.0946
2011-08-03,8952.5110
2011-08-10,8977.5460
2011-08-17,8993.2257
2011-08-24,8994.3988
2011-08-31,8998.0125
2011-09-07,9007.1582
2011-09-14,9003.8524
2011-09-21,9005.2521
2011-09-28,9006.6495
2011-10-05,9018.3646
2011-10-12,9034.7385
2011-10-19,9040.6351
2011-10-26,9057.7923
2011-11-02,9079.3746
2011-11-09,9074.6097
2011-11-16,9093.0778
2011-11-23,9093.0807
2011-11-30,9098.9933
2011-12-07,9093.3822
2011-12-14,9100.0641
2011-12-21,9092.0090
2011-12-28,9113.5364
2012-01-04,9155.8034
2012-01-11,9178.7673
2012-01-18,9150.6543
2012-01-25,9157.3928
2012-02-01,9248.3471
2012-02-08,9249.9706
2012-02-15,9264.4434
2012-02-22,9267.7257
2012-02-29,9303.3656
2012-03-07,9290.7015
2012-03-14,9294.7893
2012-03-21,9287.2132
2012-03-28,9303.7350
2012-04-04,9329.3134
2012-04-11,9343.7478
2012-04-18,9334.8148
2012-04-25,9325.9451
2012-05-02,9344.6686
2012-05-09,9360.7503
2012-05-16,9363.4387
2012-05-23,9370.7230
2012-05-30,9370.0452
2012-06-06,9391.0833
2012-06-13,9372.2071
2012-06-20,9371.9953
2012-06-27,9395.8288
2012-07-04,9408.9149
2012-07-11,9432.8785
2012-07-18,9421.8574
2012-07-25,9431.6420
2012-08-01,9453.5964
2012-08-08,9466.4545
2012-08-15,9463.2516
2012-08-22,9461.2519
2012-08-29,9473.7259
2012-09-05,9487.6435
2012-09-12,9503.5215
2012-09-19,9500.4231
2012-09-26,9497.0928
2012-10-03,9505.9518
2012-10-10,9522.1210
2012-10-17,9508.0699
2012-10-24,9505.3161
2012-10-31,9534.3769
2012-11-07,9575.0681
2012-11-14,9577.8292
2012-11-21,9571.0807
2012-11-28,9568.9621
2012-12-05,9583.8064
2012-12-12,9593.5851
2012-12-19,9633.6729
2012-12-26,9645.1702
2013-01-02,9664.0238
2013-01-09,9650.0086
2013-01-16,9638.8501
2013-01-23,9645.6982
2013-01-30,9669.0643
2013-02-06,9673.7442
2013-02-13,9672.6727
2013-02-20,9653.7020
2013-02-27,9660.5915
2013-03-06,9666.3526
2013-03-13,9666.5449
2013-03-20,9651.9155
2013-03-27,9664.3324
2013-04-03,9714.4572
2013-04-10,9729.0213
2013-04-17,9723.6783
2013-04-24,9724.9073
2013-05-01,9739.2862
2013-05-08,9720.2088
2013-05-15,9732.3425
2013-05-22,9728.4555
2013-05-29,9713.8352
2013-06-05,9736.1942
2013-06-12,9740.2988
2013-06-19,9742.0521
2013-06-26,9726.4789
2013-07-03,9721.6304
2013-07-10,9709.5754
2013-07-17,9729.9694
2013-07-24,9729.4760
2013-07-31,9732.8101
2013-08-07,9718.0587
2013-08-14,9718.0800
2013-08-21,9714.9478
2013-08-28,9711.1919
2013-09-04,9710.7559
2013-09-11,9720.7296
2013-09-18,9733.9638
2013-09-25,9720.6256
2013-10-02,9745.6769
2013-10-09,9743.8212
2013-10-16,9764.9068
2013-10-23,9758.5521
2013-10-30,9765.4304
2013-11-06,9772.1982
2013-11-13,9784.4096
2013-11-20,9790.6235
2013-11-27,9812.1168
2013-12-04,9795.6061
2013-12-11,9812.4084
2013-12-18,9822.5847
2013-12-25,9841.3752
2014-01-01,9843.2414
2014-01-08,9842.1782
2014-01-15,9844.0244
2014-01-22,9866.1583
2014-01-29,9872.7299
2014-02-05,9897.8161
2014-02-12,9920.8345
2014-02-19,9949.6213
2014-02-26,9958.7909
2014-03-05,9985.9665
2014-03-12,10001.8251
2014-03-19,10016.2368
2014-03-26,10028.2876
2014-04-02,10028.9231
2014-04-09,10038.0887
2014-04-16,10054.3534
2014-04-23,10066.2170
2014-04-30,10078.6719
2014-05-07,10084.4761
2014-05-14,10107.1921
2014-05-21,10121.1177
2014-05-28,10134.5075
2014-06-04,10139.9187
2014-06-11,10165.3380
2014-06-18,10176.3882
2014-06-25,10185.5555
2014-07-02,10238.0118
2014-07-09,10237.5029
2014-07-16,10240.8491
2014-07-23,10251.3139
2014-07-30,10265.3579
2014-08-06,10279.0553
2014-08-13,10288.1187
2014-08-20,10311.2870
2014-08-27,10307.9613
2014-09-03,10323.6801
2014-09-10,10336.6680
2014-09-17,10353.6129
2014-09-24,10369.9884
2014-10-01,10373.5559
2014-10-08,10372.8766
2014-10-15,10384.1992
2014-10-22,10393.6269
2014-10-29,10380.4603
2014-11-05,10394.7590
2014-11-12,10427.4407
2014-11-19,10437.5749
2014-11-26,10471.4800
2014-12-03,10478.8337
2014-12-10,10508.7056
2014-12-17,10521.4731
2014-12-24,10563.3460
2014-12-31,10578.5861
2015-01-07,10591.5753
2015-01-14,10616.7226
2015-01-21,10632.8470
2015-01-28,10631.5745
2015-02-04,10655.6207
2015-02-11,10682.5288
2015-02-18,10702.1700
2015-02-25,10742.8712
2015-03-04,10758.3433
2015-03-11,10769.0500
2015-03-18,10798.6913
2015-03-25,10809.5350
2015-04-01,10840.7145
2015-04-08,10836.4554
2015-04-15,10857.2200
2015-04-22,10866.5991
2015-04-29,10882.8855
2015-05-06,10897.7167
2015-05-13,10911.2093
2015-05-20,10937.0956
2015-05-27,10949.5441
2015-06-03,10947.6272
2015-06-10,10969.6777
2015-06-17,10987.8980
2015-06-24,10997.3091
2015-07-01,11000.6647
2015-07-08,10989.4186
2015-07-15,11007.3019
2015-07-22,11016.2207
2015-07-29,11016.5439
2015-08-05,11047.3832
2015-08-12,11060.2771
2015-08-19,11083.1085
2015-08-26,11088.2868
2015-09-02,11099.0825
2015-09-09,11107.4423
2015-09-16,11100.4986
2015-09-23,11112.0033
2015-09-30,11147.4371
2015-10-07,11150.0000
2015-10-14,11178.7739
2015-10-21,11177.0220
2015-10-28,11184.6286
2015-11-04,11217.4056
2015-11-11,11241.1480
2015-11-18,11260.1635
2015-11-25,11277.2215
2015-12-02,11297.5600
2015-12-09,11329.2846
2015-12-16,11344.6866
2015-12-23,11349.6829
2015-12-30,11352.8808
2016-01-06,11375.3228
2016-01-13,11379.0899
2016-01-20,11404.2864
2016-01-27,11417.6301
2016-02-03,11457.6384
2016-02-10,11461.6282
2016-02-17,11462.6370
2016-02-24,11470.5770
2016-03-02,11527.1809
2016-03-09,11550.0593
2016-03-16,11552.0603
2016-03-23,11568.5165
2016-03-30,11571.5142
2016-04-06,11596.0720
2016-04-13,11621.2150
2016-04-20,11635.7890
2016-04-27,11656.4439
2016-05-04,11688.6478
2016-05-11,11705.2311
2016-05-18,11701.8153
2016-05-25,11721.8142
2016-06-01,11744.8266
2016-06-08,11754.0879
2016-06-15,11763.4474
2016-06-22,11781.0353
2016-06-29,11819.2184
2016-07-06,11842.8047
2016-07-13,11864.3604
2016-07-20,11857.4061
2016-07-27,11873.1477
2016-08-03,11870.6090
2016-08-10,11893.0977
2016-08-17,11886.9683
2016-08-24,11911.3473
2016-08-31,11944.0037
2016-09-07,11955.7518
2016-09-14,11981.4515
2016-09-21,11992.1949
2016-09-28,12006.9873
2016-10-05,12035.8706
2016-10-12,12044.6880
2016-10-19,12064.9964
2016-10-26,12072.6420
2016-11-02,12085.2443
2016-11-09,12083.4776
2016-11-16,12080.0901
2016-11-23,12067.8276
2016-11-30,12083.6775
2016-12-07,12076.7372
2016-12-14,12078.9169
2016-12-21,12071.6934
2016-12-28,12063.0793
2017-01-04,12091.3419
2017-01-11,12097.8870
2017-01-18,12107.1149
2017-01-25,12111.7572
2017-02-01,12126.5795
2017-02-08,12132.8015
2017-02-15,12151.3409
2017-02-22,12156.3580
2017-03-01,12165.2540
2017-03-08,12154.5821
2017-03-15,12171.8548
2017-03-22,12170.9543
2017-03-29,12156.9998
2017-04-05,12191.3754
2017-04-12,12192.9101
2017-04-19,12198.4376
2017-04-26,12195.8370
2017-05-03,12213.1144
2017-05-10,12225.8240
2017-05-17,12240.9945
2017-05-24,12257.9772
2017-05-31,12255.4993
2017-06-07,12238.8637
2017-06-14,12247.2951
2017-06-21,12254.2540
2017-06-28,12250.0104
2017-07-05,12267.3906
2017-07-12,12285.6356
2017-07-19,12298.6168
2017-07-26,12304.1827
2017-08-02,12314.7746
2017-08-09,12315.7646
2017-08-16,12317.0762
2017-08-23,12337.0038
2017-08-30,12334.6802
2017-09-06,12349.0813
2017-09-13,12344.1299
2017-09-20,12399.2366
2017-09-27,12399.6023
2017-10-04,12415.5548
2017-10-11,12438.1865
2017-10-18,12451.4066
2017-10-25,12450.9839
2017-11-01,12461.2726
2017-11-08,12470.8471
2017-11-15,12472.8547
2017-11-22,12483.9857
2017-11-29,12524.0883
2017-12-06,12540.1553
2017-12-13,12533.7534
2017-12-20,12542.8222
2017-12-27,12567.7145
2018-01-03,12565.1056
2018-01-10,12560.6729
2018-01-17,12569.5188
2018-01-24,12572.4726
2018-01-31,12576.9529
2018-02-07,12563.5434
2018-02-14,12579.3579
2018-02-21,12578.9302
2018-02-28,12590.7761
2018-03-07,12577.8498
2018-03-14,12590.5660
2018-03-21,12585.8233
2018-03-28,12596.7560
2018-04-04,12635.7710
2018-04-11,12648.6194
2018-04-18,12657.5266
2018-04-25,12660.4424
2018-05-02,12664.7296
2018-05-09,12671.5778
2018-05-16,12667.1120
2018-05-23,12693.3731
2018-05-30,12711.2559
2018-06-06,12719.7709
2018-06-13,12738.4066
2018-06-20,12786.2148
2018-06-27,12794.0928
2018-07-04,12778.3033
2018-07-11,12810.9518
2018-07-18,12807.0474
2018-07-25,12819.1224
2018-08-01,12800.2593
2018-08-08,12805.3508
2018-08-15,12818.6129
2018-08-22,12831.2622
2018-08-29,12831.2012
2018-09-05,12841.6266
2018-09-12,12857.5090
2018-09-19,12866.8942
2018-09-26,12867.9284
2018-10-03,12892.2501
2018-10-10,12892.7336
2018-10-17,12894.8916
2018-10-24,12923.8127
2018-10-31,12917.9915
2018-11-07,12910.7696
2018-11-14,12946.8054
2018-11-21,12971.6095
2018-11-28,12971.3034
2018-12-05,13006.3697
2018-12-12,13043.6885
2018-12-19,13070.0614
2018-12-26,13112.3940
2019-01-02,13149.7911
2019-01-09,13167.7024
2019-01-16,13183.3575
2019-01-23,13193.0466
2019-01-30,13178.0881
2019-02-06,13199.5799
2019-02-13,13229.8810
2019-02-20,13233.7333
2019-02-27,13233.4158
2019-03-06,13239.0925
2019-03-13,13257.7915
2019-03-20,13293.1089
2019-03-27,13284.7883
2019-04-03,13293.5388
2019-04-10,13295.8097
2019-04-17,13332.4084
2019-04-24,13356.3119
2019-05-01,13365.4787
2019-05-08,13382.3275
2019-05-15,13405.5308
2019-05-22,13414.3575
2019-05-29,13407.3231
2019-06-05,13425.3000
2019-06-12,13449.5218
2019-06-19,13477.0811
2019-06-26,13508.2387
2019-07-03,13516.3076
2019-07-10,13517.5204
2019-07-17,13510.0650
2019-07-24,13541.9067
2019-07-31,13558.1563
2019-08-07,13572.7660
2019-08-14,13595.5120
2019-08-21,13632.8230
2019-08-28,13641.6090
2019-09-04,13665.5266
2019-09-11,13692.9067
2019-09-18,13732.5896
2019-09-25,13752.1511
2019-10-02,13744.8469
2019-10-09,13737.3329
2019-10-16,13754.4260
2019-10-23,13771.0753
2019-10-30,13773.8618
2019-11-06,13787.9166
2019-11-13,13813.2195
2019-11-20,13818.7919
2019-11-27,13848.8040
2019-12-04,13854.4705
2019-12-11,13895.4549
2019-12-18,13850.3978
2019-12-25,13856.2197
2020-01-01,13850.2418
2020-01-08,13855.1945
2020-01-15,13873.8028
2020-01-22,13890.1215
2020-01-29,13893.6913
2020-02-05,13915.9676
2020-02-12,13898.4813
2020-02-19,13946.7759
2020-02-26,13968.8898
2020-03-04,14061.2779
2020-03-11,14124.4520
2020-03-18,14378.5748
2020-03-25,14662.5462
2020-04-01,14733.4755
2020-04-08,14712.7875
2020-04-15,14725.7252
2020-04-22,14808.6105
2020-04-29,14857.0628
2020-05-06,14896.5595
2020-05-13,14877.9208
2020-05-20,14858.1794
2020-05-27,14838.2448
2020-06-03,14844.7808
2020-06-10,14860.4430
2020-06-17,14871.6434
2020-06-24,14860.7906
2020-07-01,14872.5458
2020-07-08,14890.0306
2020-07-15,14926.3710
2020-07-22,14931.1248
2020-07-29,14917.4099
2020-08-05,14942.4028
2020-08-12,14925.8212
2020-08-19,14926.2666
2020-08-26,14933.7621
2020-09-02,14969.0980
2020-09-09,14982.6080
2020-09-16,14970.2672
2020-09-23,14976.2351
2020-09-30,14973.5625
2020-10-07,14969.6549
2020-10-14,14966.0289
2020-10-21,14977.6189
2020-10-28,14980.4474
2020-11-04,15010.1157
2020-11-11,15021.6304
2020-11-18,15023.9690
2020-11-25,15021.9644
2020-12-02,15034.0840
2020-12-09,15022.3719
2020-12-16,15039.9821
2020-12-23,15040.9908
2020-12-30,15059.3349
2021-01-06,15076.7555
2021-01-13,15065.1768
2021-01-20,15081.4225
2021-01-27,15121.2954
2021-02-03,15160.6753
2021-02-10,15181.1464
2021-02-17,15213.3504
2021-02-24,15240.2149
2021-03-03,15289.0689
2021-03-10,15314.0211
2021-03-17,15325.7135
2021-03-24,15362.8659
2021-03-31,15372.7549
2021-04-07,15371.7713
2021-04-14,15407.4433
2021-04-21,15416.0935
2021-04-28,15449.7866
2021-05-05,15507.5360
2021-05-12,15536.2000
2021-05-19,15563.4826
2021-05-26,15573.8882
2021-06-02,15590.5118
2021-06-09,15609.8030
2021-06-16,15586.9029
2021-06-23,15585.7147
2021-06-30,15635.1398
2021-07-07,15651.3426
2021-07-14,15664.1592
2021-07-21,15665.3588
2021-07-28,15701.9270
2021-08-04,15728.0190
2021-08-11,15734.3472
2021-08-18,15764.1720
2021-08-25,15783.5906
2021-09-01,15842.5273
2021-09-08,15843.8855
2021-09-15,15874.9279
2021-09-22,15881.7796
2021-09-29,15952.4001
2021-10-06,15984.8358
2021-10-13,16033.2563
2021-10-20,16077.4178
2021-10-27,16091.4210
2021-11-03,16155.6974
2021-11-10,16166.9016
2021-11-17,16201.0322
2021-11-24,16242.1882
2021-12-01,16284.4639
2021-12-08,16301.1741
2021-12-15,16376.2907
2021-12-22,16435.9357
2021-12-29,16472.6819
2022-01-05,16543.2514
2022-01-12,16552.1882
2022-01-19,16559.3172
2022-01-26,16564.6067
2022-02-02,16586.8629
2022-02-09,16612.6747
2022-02-16,16629.6397
2022-02-23,16681.8507
2022-03-02,16727.9752
2022-03-09,16763.7346
2022-03-16,16772.0371
2022-03-23,16824.8815
2022-03-30,16852.2568
2022-04-06,16855.6002
2022-04-13,16906.5734
2022-04-20,16918.3144
2022-04-27,16933.6776
2022-05-04,16949.8464
2022-05-11,16998.4386
2022-05-18,17022.7079
2022-05-25,17069.8553
2022-06-01,17087.4111
2022-06-08,17124.4058
2022-06-15,17130.2976
2022-06-22,17180.5600
2022-06-29,17197.3812
2022-07-06,17223.7872
2022-07-13,17244.3967
2022-07-20,17263.8920
2022-07-27,17297.0258
2022-08-03,17310.7512
2022-08-10,17340.9183
2022-08-17,17347.1148
2022-08-24,17345.6029
2022-08-31,17334.6362
2022-09-07,17336.4724
2022-09-14,17358.4232
2022-09-21,17372.2962
2022-09-28,17366.7228
2022-10-05,17358.4898
2022-10-12,17363.6367
2022-10-19,17363.1062
2022-10-26,17378.8850
2022-11-02,17370.7304
2022-11-09,17377.0926
2022-11-16,17400.2941
2022-11-23,17413.6937
2022-11-30,17423.5092
2022-12-07,17525.6080
2022-12-14,17525.7270
2022-12-21,17499.4206
2022-12-28,17488.6683
2023-01-04,17498.7815
2023-01-11,17506.9244
2023-01-18,17536.7658
2023-01-25,17549.9002
2023-02-01,17567.2464
2023-02-08,17568.3707
2023-02-15,17577.1766
2023-02-22,17565.5924
2023-03-01,17547.4053
2023-03-08,17530.1577
2023-03-15,17563.4832
2023-03-22,17444.7220
2023-03-29,17320.7205
2023-04-05,17347.5935
2023-04-12,17321.5464
2023-04-19,17337.5877
2023-04-26,17350.1729
2023-05-03,17342.9870
2023-05-10,17339.3300
2023-05-17,17316.3591
2023-05-24,17313.0418
2023-05-31,17310.4080
2023-06-07,17263.6044
2023-06-14,17286.0195
2023-06-21,17293.5232
2023-06-28,17277.2539
2023-07-05,17260.4969
2023-07-12,17270.1500
2023-07-19,17287.6582
2023-07-26,17284.1350
2023-08-02,17272.4651
2023-08-09,17266.8812
2023-08-16,17277.8235
2023-08-23,17294.9554
2023-08-30,17286.7004
2023-09-06,17272.7876
2023-09-13,17287.7504
2023-09-20,17295.9781
2023-09-27,17290.7247
2023-10-04,17274.2820
2023-10-11,17291.3561
2023-10-18,17270.9359
2023-10-25,17290.0998
2023-11-01,17262.7955
2023-11-08,17263.3028
2023-11-15,17253.2569
2023-11-22,17269.3185
2023-11-29,17283.9283
2023-12-06,17309.8779
2023-12-13,17332.7735
2023-12-20,17355.8617
2023-12-27,17361.8668
2024-01-03,17366.3071
2024-01-10,17387.4232
2024-01-17,17394.6854
2024-01-24,17420.9546
2024-01-31,17419.5957
2024-02-07,17402.2331
2024-02-14,17442.9060
2024-02-21,17441.0878
2024-02-28,17470.9601
2024-03-06,17498.0938
2024-03-13,17559.6919
2024-03-20,17559.6078
2024-03-27,17586.1881
2024-04-03,17556.4215
2024-04-10,17527.0038
2024-04-17,17524.4871
2024-04-24,17520.6296
2024-05-01,17537.3217
2024-05-08,17556.9495
2024-05-15,17598.9984
2024-05-22,17578.2984
2024-05-29,17567.1805
2024-06-05,17616.7300
2024-06-12,17630.6906
2024-06-19,17686.0502
2024-06-26,17695.2638
2024-07-03,17701.8904
2024-07-10,17706.5286
2024-07-17,17721.4570
2024-07-24,17742.2974
2024-07-31,17758.2586
2024-08-07,17765.6888
2024-08-14,17815.7109
2024-08-21,17817.3456
2024-08-28,17805.1501
2024-09-04,17812.5119
2024-09-11,17844.4798
2024-09-18,17848.5301
2024-09-25,17884.6651
2024-10-02,17902.5113
2024-10-09,17911.5982
2024-10-16,17935.1171
2024-10-23,17948.6018
2024-10-30,17938.3269
2024-11-06,17907.5180
2024-11-13,17933.7866
2024-11-20,17917.9799
2024-11-27,17950.9324
2024-12-04,17943.9833
2024-12-11,17974.5336
2024-12-18,17963.2553
2024-12-25,17964.9849
2025-01-01,17924.0618
2025-01-08,17954.5331
2025-01-15,17945.6106
2025-01-22,17999.9512
2025-01-29,17962.7089
2025-02-05,17983.9915
2025-02-12,18005.6123
2025-02-19,18046.0069
2025-02-26,18072.7582
2025-03-05,18103.8974
2025-03-12,18110.3202
2025-03-19,18144.2636
2025-03-26,18173.4640
2025-04-02,18188.0019
2025-04-09,18239.6857
2025-04-16,18320.9755
2025-04-23,18318.0730
2025-04-30,18371.6291
2025-05-07,18373.3222
2025-05-14,18382.2789
2025-05-21,18402.2877
2025-05-28,18401.3123
2025-06-04,18407.0315
2025-06-11,18447.0316
2025-06-18,18478.4308
2025-06-25,18482.7642
2025-07-02,18532.5675
2025-07-09,18545.1741
2025-07-16,18559.9531
2025-07-23,18594.1562
2025-07-30,18611.3356
2025-08-06,18629.1736
